Channel Name,YouTube URL
Odisha Testbook,https://www.youtube.com/@SuperCoachingOdishabyTestbook
"ODISHA SSC, BANKING",https://www.youtube.com/@OdishaTestbookBankRailway
Odisha Teaching by Testbook,https://www.youtube.com/@OdishaTeachingbyTestbook
SAMBHAB IAS by Testbook,https://www.youtube.com/@SAMBHABIASbyTestbook
SuperCoaching MPSC by Testbook,https://www.youtube.com/@MPSCTestbook
SuperCoaching Marathi by Testbook,https://www.youtube.com/@SuperCoachingMarathibyTestbook
Maharashtra State & Central Exams,https://www.youtube.com/channel/UCcpVPJAwpfJlcGE1J84QXvA
Testbook Bengali,https://www.youtube.com/@TestbookBengali
WBPSC Testbook,https://www.youtube.com/@WBPSCTestbook
Punjab Testbook,https://www.youtube.com/@PunjabTestbook
TET PRT Testbook,https://www.youtube.com/@testbooktetprt
TGT PGT Testbook,https://www.youtube.com/@TGTPGTTestbook
CTET Testbook,https://www.youtube.com/@CTETTestbook
Bihar Teaching Exams By Testbook,https://www.youtube.com/@BiharTeachingExams
AE JE,https://youtube.com/@aejetestbook?si=BL1AjTfdcLJQA_U0
SSC,https://youtube.com/@ssctestbook?si=vLN4gz3vmgiPiYin
TAMIL,https://youtube.com/@testbook-tamil?si=cCYZP9-hQADmmdSQ
TELUGU,https://youtube.com/@testbooktelugu?si=bfDOM1hXbOU3Qr5_
JAIIB CAIIB,https://youtube.com/@testbookjaiibcaiib?si=dge6m0rDGilylICS
Commerce Career Club,https://youtube.com/@commercecareerclublive?si=kE1pOa1iamuVr2TV
Global Careers by Testbook,https://youtube.com/@globalcareersbytestbook?si=MISFQkkGilR1Fa5X
Testbook Notifications,https://youtube.com/@testbookgovernmentjob?si=IJbE_15yyrtocI2b
TESTBOOK NET JRF,https://www.youtube.com/@TestbookNETJRF/featured
UGC NET TESTBOOK,https://www.youtube.com/@UGCNETTestbook/featured
Assistant Professor & PhD by Testbook,https://www.youtube.com/@AssistantProfessorPhD-Testbook/featured
Testbook,https://www.youtube.com/@Testbook
Testbook Bihar,https://www.youtube.com/@BiharTestbook
Banking,https://www.youtube.com/@BankingTestbook
Railway Testbook,https://www.youtube.com/@RailwayTestbook
